"NULL"," 1625309212"," REGISTER"," USER"," wende"," SUCCESS"
"NULL"," 1625321233"," REGISTER"," USER"," wende"," SUCCESS"
"NULL"," 1625321266"," REGISTER"," USER"," wende"," SUCCESS"
"NULL"," 1625321601"," REGISTER"," USER"," wende"," SUCCESS"
"NULL"," 1625321974"," REGISTER"," USER"," wende"," SUCCESS"
"NULL"," 1625321982"," REGISTER"," USER"," wende"," FAILURE"
"NULL"," 1625321989"," REGISTER"," USER"," wende2"," SUCCESS"
"NULL"," 1625322058"," REGISTER"," USER"," wende1"," SUCCESS"
"NULL"," 1625322068"," REGISTER"," USER"," wende1"," FAILURE"
"NULL"," 1625322077"," REGISTER"," USER"," wende2"," SUCCESS"
"NULL"," 1625322150"," REGISTER"," USER"," wende3"," SUCCESS"
"NULL"," 1625323524"," REGISTER"," USER"," wende"," SUCCESS"
"NULL"," 1625323653"," REGISTER"," USER"," wende"," SUCCESS"
"NULL"," 1625323673"," REGISTER"," USER"," wende"," FAILURE"
"NULL"," 1625323687"," REGISTER"," USER"," wende2"," SUCCESS"
"NULL"," 1625324050"," REGISTER"," USER"," wende2"," SUCCESS"
"NULL"," 1625324182"," REGISTER"," USER"," wende2"," SUCCESS"
"NULL"," 1625324188"," REGISTER"," USER"," wende1"," SUCCESS"
"NULL"," 1625324209"," REGISTER"," USER"," wende2"," SUCCESS"
"NULL"," 1625324243"," REGISTER"," USER"," wende"," SUCCESS"
"NULL"," 1625324308"," REGISTER"," USER"," wende"," SUCCESS"
"NULL"," 1625324352"," REGISTER"," USER"," wende"," SUCCESS"
"NULL"," 1625324360"," REGISTER"," USER"," wende2"," SUCCESS"
"NULL"," 1625324364"," REGISTER"," USER"," wende3"," SUCCESS"
"NULL"," 1625324472"," REGISTER"," USER"," wende3"," FAILURE"
"NULL"," 1625324498"," REGISTER"," USER"," wende"," SUCCESS"
"NULL"," 1625324513"," REGISTER"," USER"," wende"," SUCCESS"
"NULL"," 1625324788"," REGISTER"," USER"," wende"," SUCCESS"
"NULL"," 1625324811"," REGISTER"," USER"," wende"," FAILURE"
"NULL"," 1625324815"," REGISTER"," USER"," wende2"," SUCCESS"
"NULL"," 1625325063"," REGISTER"," USER"," wende2"," FAILURE"
"NULL"," 1625325080"," REGISTER"," USER"," wende3"," SUCCESS"
"NULL"," 1625325186"," REGISTER"," USER"," wende3"," SUCCESS"
"NULL"," 1625325198"," REGISTER"," USER"," wende3"," FAILURE"
"NULL"," 1625325203"," REGISTER"," USER"," wende"," SUCCESS"
"NULL"," 1625325231"," REGISTER"," USER"," wende"," FAILURE"
"NULL"," 1625325281"," REGISTER"," USER"," wende4"," SUCCESS"
"NULL"," 1625325301"," REGISTER"," USER"," wende4"," FAILURE"
"NULL"," 1625325304"," REGISTER"," USER"," wen3de4"," SUCCESS"
"NULL"," 1625325404"," REGISTER"," USER"," wen3de4"," SUCCESS"
"NULL"," 1625325409"," REGISTER"," USER"," wen3"," SUCCESS"
"NULL"," 1625325412"," REGISTER"," USER"," wen32"," SUCCESS"
"NULL"," 1625325499"," REGISTER"," USER"," wen3"," FAILURE"
"NULL"," 1625325502"," REGISTER"," USER"," wen"," SUCCESS"
"NULL"," 1625326246"," REGISTER"," USER"," wende"," SUCCESS"
"NULL"," 1625326258"," REGISTER"," USER"," wende2"," SUCCESS"
"NULL"," 1625326295"," REGISTER"," USER"," wende2"," FAILURE"
"NULL"," 1625326299"," REGISTER"," USER"," wende5"," SUCCESS"
"NULL"," 1625326747"," REGISTER"," USER"," we"," SUCCESS"
"NULL"," 1625326754"," REGISTER"," USER"," we"," FAILURE"
"NULL"," 1625326756"," REGISTER"," USER"," we2"," SUCCESS"
"NULL"," 1625326776"," REGISTER"," USER"," we3"," SUCCESS"
"NULL"," 1625327308"," REGISTER USER wende"," FAILURE"
"NULL"," 1625327311"," REGISTER"," USER"," wende"," SUCCESS"
"NULL"," 1625328040"," REGISTER"," USER"," wende"," SUCCESS"
"wende"," 1625328081"," LOGIN"," SUCCESS"
"wende"," 1625328085"," LOGIN"," FAILURE"
"wende"," 1625328087"," LOGIN"," FAILURE"
"wende"," 1625328089"," LOGIN"," SUCCESS"
